CG10002	fkh	FBgn0000659	Drosophila melanogaster
CG10016	drm	FBgn0024244	Drosophila melanogaster
CG10021	bowl	FBgn0004893	Drosophila melanogaster
CG10034	tj	FBgn0000964	Drosophila melanogaster
CG10037	vvl	FBgn0086680	Drosophila melanogaster
CG10052	Rx	FBgn0020617	Drosophila melanogaster
CG10147	CG10147	FBgn0035702	Drosophila melanogaster
CG10197	kn	FBgn0001319	Drosophila melanogaster
CG1024	CG1024	FBgn0027514	Drosophila melanogaster
CG10250	nau	FBgn0002922	Drosophila melanogaster
CG10267	Zif	FBgn0037446	Drosophila melanogaster
CG10269	D19A	FBgn0022935	Drosophila melanogaster
CG10270	D19B	FBgn0022699	Drosophila melanogaster
CG10274	CG10274	FBgn0035690	Drosophila melanogaster
CG10278	GATAe	FBgn0038391	Drosophila melanogaster
CG1028	Antp	FBgn0260642	Drosophila melanogaster
CG10296	Hr83	FBgn0037436	Drosophila melanogaster
CG1030	Scr	FBgn0003339	Drosophila melanogaster
CG10309	pad	FBgn0038418	Drosophila melanogaster
CG10321	CG10321	FBgn0034643	Drosophila melanogaster
CG10325	abd-A	FBgn0000014	Drosophila melanogaster
CG1034	bcd	FBgn0000166	Drosophila melanogaster
CG10348	CG10348	FBgn0032707	Drosophila melanogaster
CG10388	Ubx	FBgn0003944	Drosophila melanogaster
CG10390	mia	FBgn0014342	Drosophila melanogaster
CG10393	amos	FBgn0003270	Drosophila melanogaster
CG10446	Sidpn	FBgn0032741	Drosophila melanogaster
CG10447	Nf-YB	FBgn0032816	Drosophila melanogaster
CG1046	zen	FBgn0004053	Drosophila melanogaster
CG10462	CG10462	FBgn0032815	Drosophila melanogaster
CG1048	zen2	FBgn0004054	Drosophila melanogaster
CG10488	eyg	FBgn0000625	Drosophila melanogaster
CG10571	ara	FBgn0015904	Drosophila melanogaster
CG10601	mirr	FBgn0014343	Drosophila melanogaster
CG10604	bsh	FBgn0000529	Drosophila melanogaster
CG10605	caup	FBgn0015919	Drosophila melanogaster
CG10619	tup	FBgn0003896	Drosophila melanogaster
CG10631	CG10631	FBgn0032817	Drosophila melanogaster
CG10654	CG10654	FBgn0036294	Drosophila melanogaster
CG10669	CG10669	FBgn0039329	Drosophila melanogaster
CG10699	Lim3	FBgn0002023	Drosophila melanogaster
CG1070	Alh	FBgn0261238	Drosophila melanogaster
CG10704	toe	FBgn0036285	Drosophila melanogaster
CG1071	E2f2	FBgn0024371	Drosophila melanogaster
CG1072	Awh	FBgn0013751	Drosophila melanogaster
CG10798	Myc	FBgn0262656	Drosophila melanogaster
CG10959	CG10959	FBgn0030010	Drosophila melanogaster
CG11049	sv	FBgn0005561	Drosophila melanogaster
CG11085	CG11085	FBgn0030408	Drosophila melanogaster
CG11093	fuss	FBgn0039932	Drosophila melanogaster
CG11094	dsx	FBgn0000504	Drosophila melanogaster
CG11121	so	FBgn0003460	Drosophila melanogaster
CG11152	fd102C	FBgn0039937	Drosophila melanogaster
CG11153	Sox102F	FBgn0039938	Drosophila melanogaster
CG11172	NFAT	FBgn0030505	Drosophila melanogaster
CG11182	PHDP	FBgn0025334	Drosophila melanogaster
CG11186	toy	FBgn0019650	Drosophila melanogaster
CG11194	Hey	FBgn0027788	Drosophila melanogaster
CG11202	org-1	FBgn0021767	Drosophila melanogaster
CG11247	CG11247	FBgn0037120	Drosophila melanogaster
CG11294	CG11294	FBgn0030058	Drosophila melanogaster
CG1130	scrt	FBgn0004880	Drosophila melanogaster
CG1132	FoxL1	FBgn0004895	Drosophila melanogaster
CG1133	opa	FBgn0003002	Drosophila melanogaster
CG11352	jim	FBgn0027339	Drosophila melanogaster
CG11354	Lim1	FBgn0026411	Drosophila melanogaster
CG11387	ct	FBgn0004198	Drosophila melanogaster
CG11398	CG11398	FBgn0040366	Drosophila melanogaster
CG11405	Atf3	FBgn0028550	Drosophila melanogaster
CG11450	net	FBgn0002931	Drosophila melanogaster
CG11456	CG11456	FBgn0037031	Drosophila melanogaster
CG11491	br	FBgn0283451	Drosophila melanogaster
CG11502	svp	FBgn0003651	Drosophila melanogaster
CG11551	ind	FBgn0025776	Drosophila melanogaster
CG11617	CG11617	FBgn0031232	Drosophila melanogaster
CG11648	Abd-B	FBgn0000015	Drosophila melanogaster
CG11695	CG11695	FBgn0030316	Drosophila melanogaster
CG11696	CG11696	FBgn0030314	Drosophila melanogaster
CG11762	ouib	FBgn0037618	Drosophila melanogaster
CG11783	Hr96	FBgn0015240	Drosophila melanogaster
CG11798	chn	FBgn0015371	Drosophila melanogaster
CG11799	FoxK	FBgn0036134	Drosophila melanogaster
CG11849	dan	FBgn0039286	Drosophila melanogaster
CG11902	CG11902	FBgn0028647	Drosophila melanogaster
CG11906	CG11906	FBgn0034425	Drosophila melanogaster
CG11921	fd96Ca	FBgn0004897	Drosophila melanogaster
CG11922	fd96Cb	FBgn0004898	Drosophila melanogaster
CG11924	Cf2	FBgn0000286	Drosophila melanogaster
CG11966	ich	FBgn0286204	Drosophila melanogaster
CG11987	tgo	FBgn0264075	Drosophila melanogaster
CG11992	Rel	FBgn0014018	Drosophila melanogaster
CG12029	dar1	FBgn0263239	Drosophila melanogaster
CG12052	lola	FBgn0283521	Drosophila melanogaster
CG12071	CG12071	FBgn0039808	Drosophila melanogaster
CG12154	oc	FBgn0004102	Drosophila melanogaster
CG12212	peb	FBgn0003053	Drosophila melanogaster
CG12219	CG12219	FBgn0043796	Drosophila melanogaster
CG12236	CG12236	FBgn0029822	Drosophila melanogaster
CG12245	gcm	FBgn0014179	Drosophila melanogaster
CG12287	pdm2	FBgn0004394	Drosophila melanogaster
CG12296	klu	FBgn0013469	Drosophila melanogaster
CG12299	CG12299	FBgn0032295	Drosophila melanogaster
CG1233	CG1233	FBgn0035137	Drosophila melanogaster
CG12391	CG12391	FBgn0033581	Drosophila melanogaster
CG12399	Mad	FBgn0011648	Drosophila melanogaster
CG1240	Non2	FBgn0035370	Drosophila melanogaster
CG1244	MEP-1	FBgn0035357	Drosophila melanogaster
CG12605	CG12605	FBgn0035481	Drosophila melanogaster
CG12609	CG12609	FBgn0030952	Drosophila melanogaster
CG12630	tio	FBgn0028979	Drosophila melanogaster
CG1264	lab	FBgn0002522	Drosophila melanogaster
CG12653	btd	FBgn0000233	Drosophila melanogaster
CG12690	CHES-1-like	FBgn0029504	Drosophila melanogaster
CG12701	zld	FBgn0259789	Drosophila melanogaster
CG12767	Dlip3	FBgn0040465	Drosophila melanogaster
CG12769	CG12769	FBgn0033252	Drosophila melanogaster
CG12952	sage	FBgn0037672	Drosophila melanogaster
CG13123	CG13123	FBgn0032150	Drosophila melanogaster
CG13204	CG13204	FBgn0033627	Drosophila melanogaster
CG1322	zfh1	FBgn0004606	Drosophila melanogaster
CG13316	Mnt	FBgn0023215	Drosophila melanogaster
CG13424	lms	FBgn0034520	Drosophila melanogaster
CG1343	Sp1	FBgn0020378	Drosophila melanogaster
CG13475	HGTX	FBgn0040318	Drosophila melanogaster
CG13493	comr	FBgn0034667	Drosophila melanogaster
CG13624	REPTOR	FBgn0039209	Drosophila melanogaster
CG13651	danr	FBgn0039283	Drosophila melanogaster
CG1374	tsh	FBgn0003866	Drosophila melanogaster
CG1378	tll	FBgn0003720	Drosophila melanogaster
CG13897	hng3	FBgn0035160	Drosophila melanogaster
CG13906	nerfin-1	FBgn0028999	Drosophila melanogaster
CG14029	vri	FBgn0016076	Drosophila melanogaster
CG1414	bbx	FBgn0024251	Drosophila melanogaster
CG1429	Mef2	FBgn0011656	Drosophila melanogaster
CG14307	fru	FBgn0004652	Drosophila melanogaster
CG1447	Ptx1	FBgn0020912	Drosophila melanogaster
CG1449	zfh2	FBgn0004607	Drosophila melanogaster
CG1454	wdn	FBgn0005642	Drosophila melanogaster
CG14548	E(spl)mbeta-HLH	FBgn0002733	Drosophila melanogaster
CG1464	ey	FBgn0005558	Drosophila melanogaster
CG14655	CG14655	FBgn0037275	Drosophila melanogaster
CG14667	CG14667	FBgn0037317	Drosophila melanogaster
CG14710	CG14710	FBgn0037920	Drosophila melanogaster
CG14711	CG14711	FBgn0037922	Drosophila melanogaster
CG14938	crol	FBgn0020309	Drosophila melanogaster
CG14962	Asciz	FBgn0035407	Drosophila melanogaster
CG15011	CG15011	FBgn0035518	Drosophila melanogaster
CG1507	Pur-alpha	FBgn0022361	Drosophila melanogaster
CG15073	CG15073	FBgn0034379	Drosophila melanogaster
CG15085	edl	FBgn0023214	Drosophila melanogaster
CG15162	MESR3	FBgn0032694	Drosophila melanogaster
CG15269	CG15269	FBgn0028878	Drosophila melanogaster
CG1529	CG1529	FBgn0031144	Drosophila melanogaster
CG15436	CG15436	FBgn0031610	Drosophila melanogaster
CG15479	Mabi	FBgn0032493	Drosophila melanogaster
CG15504	dmrt99B	FBgn0039683	Drosophila melanogaster
CG15552	Sox100B	FBgn0024288	Drosophila melanogaster
CG15696	CG15696	FBgn0038833	Drosophila melanogaster
CG15725	CG15725	FBgn0030417	Drosophila melanogaster
CG15749	dmrt11E	FBgn0030477	Drosophila melanogaster
CG15845	Adf1	FBgn0284249	Drosophila melanogaster
CG1602	CG1602	FBgn0033186	Drosophila melanogaster
CG1605	az2	FBgn0025185	Drosophila melanogaster
CG1641	sisA	FBgn0003411	Drosophila melanogaster
CG1650	unpg	FBgn0015561	Drosophila melanogaster
CG1663	CG1663	FBgn0033449	Drosophila melanogaster
CG16738	slp1	FBgn0003430	Drosophila melanogaster
CG16801	Hr51	FBgn0034012	Drosophila melanogaster
CG1689	lz	FBgn0002576	Drosophila melanogaster
CG1705	Met	FBgn0002723	Drosophila melanogaster
CG17077	pnt	FBgn0003118	Drosophila melanogaster
CG17100	cwo	FBgn0259938	Drosophila melanogaster
CG17117	hth	FBgn0001235	Drosophila melanogaster
CG17172	ATbp	FBgn0039946	Drosophila melanogaster
CG17181	Kah	FBgn0035144	Drosophila melanogaster
CG17228	pros	FBgn0004595	Drosophila melanogaster
CG17328	CG17328	FBgn0028895	Drosophila melanogaster
CG17359	CG17359	FBgn0036396	Drosophila melanogaster
CG17385	CG17385	FBgn0033934	Drosophila melanogaster
CG17568	CG17568	FBgn0032763	Drosophila melanogaster
CG1759	cad	FBgn0000251	Drosophila melanogaster
CG17592	Usf	FBgn0029711	Drosophila melanogaster
CG17594	scro	FBgn0287186	Drosophila melanogaster
CG17612	CG17612	FBgn0031597	Drosophila melanogaster
CG1765	EcR	FBgn0000546	Drosophila melanogaster
CG17743	pho	FBgn0002521	Drosophila melanogaster
CG1775	Med	FBgn0011655	Drosophila melanogaster
CG17801	CG17801	FBgn0038550	Drosophila melanogaster
CG17802	CG17802	FBgn0038549	Drosophila melanogaster
CG17803	CG17803	FBgn0038547	Drosophila melanogaster
CG17806	CG17806	FBgn0038548	Drosophila melanogaster
CG17829	CG17829	FBgn0025635	Drosophila melanogaster
CG17835	inv	FBgn0001269	Drosophila melanogaster
CG17888	Pdp1	FBgn0016694	Drosophila melanogaster
CG1792	CG1792	FBgn0039860	Drosophila melanogaster
CG17958	Sry-delta	FBgn0003512	Drosophila melanogaster
CG18009	Trf2	FBgn0261793	Drosophila melanogaster
CG18011	CG18011	FBgn0033491	Drosophila melanogaster
CG18023	Eip78C	FBgn0004865	Drosophila melanogaster
CG18024	SoxN	FBgn0029123	Drosophila melanogaster
CG18144	Hand	FBgn0032209	Drosophila melanogaster
CG18262	CG18262	FBgn0030012	Drosophila melanogaster
CG1832	Clamp	FBgn0032979	Drosophila melanogaster
CG18362	Mondo	FBgn0032940	Drosophila melanogaster
CG18446	Lime	FBgn0033458	Drosophila melanogaster
CG18455	Optix	FBgn0025360	Drosophila melanogaster
CG18476	CG18476	FBgn0037931	Drosophila melanogaster
CG1849	run	FBgn0003300	Drosophila melanogaster
CG1856	ttk	FBgn0003870	Drosophila melanogaster
CG18599	CG18599	FBgn0038592	Drosophila melanogaster
CG18619	REPTOR-BP	FBgn0032202	Drosophila melanogaster
CG1864	Hr38	FBgn0014859	Drosophila melanogaster
CG18647	bin	FBgn0045759	Drosophila melanogaster
CG18764	CG18764	FBgn0042205	Drosophila melanogaster
CG1897	Dr	FBgn0000492	Drosophila melanogaster
CG1922	onecut	FBgn0028996	Drosophila melanogaster
CG1965	CG1965	FBgn0037466	Drosophila melanogaster
CG2047	ftz	FBgn0001077	Drosophila melanogaster
CG2052	dati	FBgn0262636	Drosophila melanogaster
CG2102	cas	FBgn0004878	Drosophila melanogaster
CG2116	CG2116	FBgn0030003	Drosophila melanogaster
CG2120	CG2120	FBgn0030005	Drosophila melanogaster
CG2125	ci	FBgn0004859	Drosophila melanogaster
CG2129	CG2129	FBgn0030008	Drosophila melanogaster
CG2175	dec-1	FBgn0000427	Drosophila melanogaster
CG2189	Dfd	FBgn0000439	Drosophila melanogaster
CG2199	CG2199	FBgn0035213	Drosophila melanogaster
CG2202	CG2202	FBgn0030240	Drosophila melanogaster
CG2262	Smox	FBgn0025800	Drosophila melanogaster
CG2275	Jra	FBgn0001291	Drosophila melanogaster
CG2328	eve	FBgn0000606	Drosophila melanogaster
CG2380	NfI	FBgn0042696	Drosophila melanogaster
CG2655	HLH3B	FBgn0011276	Drosophila melanogaster
CG2678	CG2678	FBgn0014931	Drosophila melanogaster
CG2692	gsb-n	FBgn0001147	Drosophila melanogaster
CG2711	dwg	FBgn0000520	Drosophila melanogaster
CG2712	CG2712	FBgn0024975	Drosophila melanogaster
CG2819	Pph13	FBgn0023489	Drosophila melanogaster
CG2851	Gsc	FBgn0010323	Drosophila melanogaster
CG2889	CG2889	FBgn0030206	Drosophila melanogaster
CG2914	Ets21C	FBgn0005660	Drosophila melanogaster
CG2932	Klf15	FBgn0025679	Drosophila melanogaster
CG2939	slp2	FBgn0004567	Drosophila melanogaster
CG2956	twi	FBgn0003900	Drosophila melanogaster
CG2988	ems	FBgn0000576	Drosophila melanogaster
CG30011	gem	FBgn0050011	Drosophila melanogaster
CG30020	CG30020	FBgn0050020	Drosophila melanogaster
CG3032	CG3032	FBgn0029928	Drosophila melanogaster
CG30431	CG30431	FBgn0050431	Drosophila melanogaster
CG30443	Opbp	FBgn0050443	Drosophila melanogaster
CG3052	HLH4C	FBgn0011277	Drosophila melanogaster
CG3065	CG3065	FBgn0034946	Drosophila melanogaster
CG3075	Nf-YC	FBgn0029905	Drosophila melanogaster
CG3090	Sox14	FBgn0005612	Drosophila melanogaster
CG3114	ewg	FBgn0005427	Drosophila melanogaster
CG31224	CG31224	FBgn0051224	Drosophila melanogaster
CG31240	repo	FBgn0011701	Drosophila melanogaster
CG3136	Atf6	FBgn0033010	Drosophila melanogaster
CG31365	CG31365	FBgn0051365	Drosophila melanogaster
CG31388	CG31388	FBgn0051388	Drosophila melanogaster
CG3143	foxo	FBgn0038197	Drosophila melanogaster
CG31441	CG31441	FBgn0051441	Drosophila melanogaster
CG31481	pb	FBgn0051481	Drosophila melanogaster
CG31612	CG31612	FBgn0051612	Drosophila melanogaster
CG31632	sens-2	FBgn0051632	Drosophila melanogaster
CG3166	aop	FBgn0000097	Drosophila melanogaster
CG31670	erm	FBgn0031375	Drosophila melanogaster
CG31753	ham	FBgn0045852	Drosophila melanogaster
CG32006	CG32006	FBgn0052006	Drosophila melanogaster
CG32105	Lmx1a	FBgn0052105	Drosophila melanogaster
CG32120	sens	FBgn0002573	Drosophila melanogaster
CG32139	Sox21b	FBgn0042630	Drosophila melanogaster
CG32180	Eip74EF	FBgn0000567	Drosophila melanogaster
CG32296	Mrtf	FBgn0052296	Drosophila melanogaster
CG3242	sob	FBgn0004892	Drosophila melanogaster
CG32474	dysf	FBgn0039411	Drosophila melanogaster
CG32532	CG32532	FBgn0052532	Drosophila melanogaster
CG32575	hang	FBgn0026575	Drosophila melanogaster
CG3258	ase	FBgn0000137	Drosophila melanogaster
CG32767	CG32767	FBgn0052767	Drosophila melanogaster
CG32772	CG32772	FBgn0052772	Drosophila melanogaster
CG32788	Crg-1	FBgn0021738	Drosophila melanogaster
CG3281	CG3281	FBgn0260741	Drosophila melanogaster
CG32856	CG32856	FBgn0052856	Drosophila melanogaster
CG33133	grau	FBgn0001133	Drosophila melanogaster
CG33152	hbn	FBgn0008636	Drosophila melanogaster
CG33183	Hr3	FBgn0000448	Drosophila melanogaster
CG33196	dpy	FBgn0053196	Drosophila melanogaster
CG33213	CG33213	FBgn0053213	Drosophila melanogaster
CG33261	Trl	FBgn0013263	Drosophila melanogaster
CG33336	p53	FBgn0039044	Drosophila melanogaster
CG3340	Kr	FBgn0001325	Drosophila melanogaster
CG33473	luna	FBgn0040765	Drosophila melanogaster
CG3350	bigmax	FBgn0039509	Drosophila melanogaster
CG33557	CG33557	FBgn0053557	Drosophila melanogaster
CG3363	ocm	FBgn0266083	Drosophila melanogaster
CG3385	nvy	FBgn0005636	Drosophila melanogaster
CG3388	gsb	FBgn0001148	Drosophila melanogaster
CG33956	kay	FBgn0001297	Drosophila melanogaster
CG33976	Octbeta2R	FBgn0038063	Drosophila melanogaster
CG33980	Vsx2	FBgn0263512	Drosophila melanogaster
CG3407	CG3407	FBgn0031573	Drosophila melanogaster
CG3411	bs	FBgn0004101	Drosophila melanogaster
CG34145	RunxA	FBgn0083981	Drosophila melanogaster
CG34224	CG34224	FBgn0085253	Drosophila melanogaster
CG34340	Drgx	FBgn0085369	Drosophila melanogaster
CG34367	CG34367	FBgn0085396	Drosophila melanogaster
CG34395	nub	FBgn0085424	Drosophila melanogaster
CG34403	pan	FBgn0085432	Drosophila melanogaster
CG34421	Snoo	FBgn0085450	Drosophila melanogaster
CG3445	phol	FBgn0035997	Drosophila melanogaster
CG3497	Su(H)	FBgn0004837	Drosophila melanogaster
CG3578	bi	FBgn0000179	Drosophila melanogaster
CG3629	Dll	FBgn0000157	Drosophila melanogaster
CG3647	stc	FBgn0001978	Drosophila melanogaster
CG3668	fd59A	FBgn0004896	Drosophila melanogaster
CG3743	MTF-1	FBgn0040305	Drosophila melanogaster
CG3758	esg	FBgn0287768	Drosophila melanogaster
CG3796	ac	FBgn0000022	Drosophila melanogaster
CG3827	sc	FBgn0004170	Drosophila melanogaster
CG3830	vg	FBgn0003975	Drosophila melanogaster
CG3839	l(1)sc	FBgn0002561	Drosophila melanogaster
CG3850	sug	FBgn0033782	Drosophila melanogaster
CG3851	odd	FBgn0002985	Drosophila melanogaster
CG3858	gcm2	FBgn0019809	Drosophila melanogaster
CG3871	Six4	FBgn0027364	Drosophila melanogaster
CG3891	Nf-YA	FBgn0035993	Drosophila melanogaster
CG3935	al	FBgn0000061	Drosophila melanogaster
CG3941	pita	FBgn0034878	Drosophila melanogaster
CG3956	sna	FBgn0003448	Drosophila melanogaster
CG3978	pnr	FBgn0003117	Drosophila melanogaster
CG3992	srp	FBgn0003507	Drosophila melanogaster
CG3998	zf30C	FBgn0270924	Drosophila melanogaster
CG4029	jumu	FBgn0015396	Drosophila melanogaster
CG4059	ftz-f1	FBgn0001078	Drosophila melanogaster
CG4136	Vsx1	FBgn0263511	Drosophila melanogaster
CG4148	wek	FBgn0001990	Drosophila melanogaster
CG4158	wor	FBgn0001983	Drosophila melanogaster
CG4217	TFAM	FBgn0038805	Drosophila melanogaster
CG42267	RunxB	FBgn0259162	Drosophila melanogaster
CG42277	rn	FBgn0267337	Drosophila melanogaster
CG42281	bun	FBgn0259176	Drosophila melanogaster
CG42311	grh	FBgn0259211	Drosophila melanogaster
CG42332	Camta	FBgn0287478	Drosophila melanogaster
CG4257	Stat92E	FBgn0016917	Drosophila melanogaster
CG4272	Axud1	FBgn0261647	Drosophila melanogaster
CG42726	CG42726	FBgn0261679	Drosophila melanogaster
CG42739	gce	FBgn0261703	Drosophila melanogaster
CG42741	CG42741	FBgn0261705	Drosophila melanogaster
CG4282	CG4282	FBgn0034114	Drosophila melanogaster
CG42830	CG42830	FBgn0262017	Drosophila melanogaster
CG42865	trh	FBgn0262139	Drosophila melanogaster
CG4303	Bap60	FBgn0025463	Drosophila melanogaster
CG43122	cic	FBgn0262582	Drosophila melanogaster
CG4318	CG4318	FBgn0030455	Drosophila melanogaster
CG4328	CG4328	FBgn0036274	Drosophila melanogaster
CG43286	cnc	FBgn0262975	Drosophila melanogaster
CG43347	CG43347	FBgn0263072	Drosophila melanogaster
CG43369	Mitf	FBgn0263112	Drosophila melanogaster
CG4354	slbo	FBgn0005638	Drosophila melanogaster
CG4360	CG4360	FBgn0038787	Drosophila melanogaster
CG43689	CG43689	FBgn0263772	Drosophila melanogaster
CG4374	CG4374	FBgn0039078	Drosophila melanogaster
CG43748	Hmx	FBgn0264005	Drosophila melanogaster
CG4380	usp	FBgn0003964	Drosophila melanogaster
CG43860	ab	FBgn0264442	Drosophila melanogaster
CG43934	Hr4	FBgn0264562	Drosophila melanogaster
CG44002	CG44002	FBgn0264744	Drosophila melanogaster
CG44123	fd3F	FBgn0264954	Drosophila melanogaster
CG4413	trem	FBgn0038767	Drosophila melanogaster
CG4424	CG4424	FBgn0038765	Drosophila melanogaster
CG44246	Atf-2	FBgn0265193	Drosophila melanogaster
CG4427	cbt	FBgn0043364	Drosophila melanogaster
CG4496	CG4496	FBgn0031894	Drosophila melanogaster
CG45051	sima	FBgn0266411	Drosophila melanogaster
CG45074	Kr-h1	FBgn0266450	Drosophila melanogaster
CG4654	Dp	FBgn0011763	Drosophila melanogaster
CG4677	lmd	FBgn0039039	Drosophila melanogaster
CG4694	her	FBgn0001185	Drosophila melanogaster
CG4707	CG4707	FBgn0035036	Drosophila melanogaster
CG4709	CG4709	FBgn0032169	Drosophila melanogaster
CG4713	l(2)gd1	FBgn0261983	Drosophila melanogaster
CG4717	kni	FBgn0001320	Drosophila melanogaster
CG4730	CG4730	FBgn0039355	Drosophila melanogaster
CG4761	knrl	FBgn0001323	Drosophila melanogaster
CG4820	CG4820	FBgn0037876	Drosophila melanogaster
CG4854	CG4854	FBgn0038766	Drosophila melanogaster
CG4877	RAF2	FBgn0036624	Drosophila melanogaster
CG4881	salr	FBgn0000287	Drosophila melanogaster
CG4903	MESR4	FBgn0034240	Drosophila melanogaster
CG4936	CG4936	FBgn0038768	Drosophila melanogaster
CG4952	dac	FBgn0005677	Drosophila melanogaster
CG5005	HLH54F	FBgn0022740	Drosophila melanogaster
CG5034	GATAd	FBgn0032223	Drosophila melanogaster
CG5069	croc	FBgn0014143	Drosophila melanogaster
CG5083	Rbf2	FBgn0038390	Drosophila melanogaster
CG5093	Doc3	FBgn0035954	Drosophila melanogaster
CG5102	da	FBgn0267821	Drosophila melanogaster
CG5109	Pcl	FBgn0003044	Drosophila melanogaster
CG5133	Doc1	FBgn0028789	Drosophila melanogaster
CG5187	Doc2	FBgn0035956	Drosophila melanogaster
CG5245	CG5245	FBgn0038047	Drosophila melanogaster
CG5249	Blimp-1	FBgn0035625	Drosophila melanogaster
CG5264	btn	FBgn0014949	Drosophila melanogaster
CG5393	apt	FBgn0015903	Drosophila melanogaster
CG5441	tx	FBgn0263118	Drosophila melanogaster
CG5444	Taf4	FBgn0010280	Drosophila melanogaster
CG5488	B-H2	FBgn0004854	Drosophila melanogaster
CG5529	B-H1	FBgn0011758	Drosophila melanogaster
CG5545	Oli	FBgn0032651	Drosophila melanogaster
CG5557	sqz	FBgn0010768	Drosophila melanogaster
CG5575	ken	FBgn0011236	Drosophila melanogaster
CG5583	Ets98B	FBgn0005659	Drosophila melanogaster
CG5694	ova	FBgn0032197	Drosophila melanogaster
CG5737	dmrt93B	FBgn0038851	Drosophila melanogaster
CG5748	Hsf	FBgn0001222	Drosophila melanogaster
CG5799	dve	FBgn0020307	Drosophila melanogaster
CG5893	D	FBgn0000411	Drosophila melanogaster
CG6096	E(spl)m5-HLH	FBgn0002631	Drosophila melanogaster
CG6103	CrebB	FBgn0265784	Drosophila melanogaster
CG6172	vnd	FBgn0261930	Drosophila melanogaster
CG6215	CkIIalpha-i1	FBgn0015025	Drosophila melanogaster
CG6272	Irbp18	FBgn0036126	Drosophila melanogaster
CG6338	Ets97D	FBgn0004510	Drosophila melanogaster
CG6348	ro	FBgn0003267	Drosophila melanogaster
CG6376	E2f1	FBgn0011766	Drosophila melanogaster
CG6384	Cp190	FBgn0000283	Drosophila melanogaster
CG6464	salm	FBgn0261648	Drosophila melanogaster
CG6494	h	FBgn0001168	Drosophila melanogaster
CG6534	slou	FBgn0002941	Drosophila melanogaster
CG6545	lbe	FBgn0011278	Drosophila melanogaster
CG6604	H15	FBgn0016660	Drosophila melanogaster
CG6634	mid	FBgn0261963	Drosophila melanogaster
CG6654	CG6654	FBgn0038301	Drosophila melanogaster
CG6667	dl	FBgn0260632	Drosophila melanogaster
CG6689	CG6689	FBgn0037877	Drosophila melanogaster
CG6716	prd	FBgn0003145	Drosophila melanogaster
CG6791	CG6791	FBgn0037918	Drosophila melanogaster
CG6792	Plzf	FBgn0032401	Drosophila melanogaster
CG6794	Dif	FBgn0011274	Drosophila melanogaster
CG6808	Zaf1	FBgn0037921	Drosophila melanogaster
CG6813	CG6813	FBgn0037923	Drosophila melanogaster
CG6824	ovo	FBgn0003028	Drosophila melanogaster
CG6892	Ets96B	FBgn0039225	Drosophila melanogaster
CG6905	Cdc5	FBgn0265574	Drosophila melanogaster
CG6913	Fer3	FBgn0037937	Drosophila melanogaster
CG6993	ss	FBgn0003513	Drosophila melanogaster
CG7018	Ets65A	FBgn0005658	Drosophila melanogaster
CG7056	HHEX	FBgn0038852	Drosophila melanogaster
CG7101	CG7101	FBgn0030963	Drosophila melanogaster
CG7199	Hr78	FBgn0015239	Drosophila melanogaster
CG7204	Neu2	FBgn0037085	Drosophila melanogaster
CG7230	rib	FBgn0003254	Drosophila melanogaster
CG7260	byn	FBgn0011723	Drosophila melanogaster
CG7345	Sox21a	FBgn0036411	Drosophila melanogaster
CG7357	Odj	FBgn0038551	Drosophila melanogaster
CG7372	Phs	FBgn0036522	Drosophila melanogaster
CG7383	eg	FBgn0000560	Drosophila melanogaster
CG7386	CG7386	FBgn0035691	Drosophila melanogaster
CG7391	Clk	FBgn0023076	Drosophila melanogaster
CG7404	ERR	FBgn0035849	Drosophila melanogaster
CG7450	CrebA	FBgn0004396	Drosophila melanogaster
CG7508	ato	FBgn0010433	Drosophila melanogaster
CG7659	tap	FBgn0015550	Drosophila melanogaster
CG7664	crp	FBgn0001994	Drosophila melanogaster
CG7672	gl	FBgn0004618	Drosophila melanogaster
CG7691	CG7691	FBgn0038626	Drosophila melanogaster
CG7734	shn	FBgn0003396	Drosophila melanogaster
CG7760	cato	FBgn0024249	Drosophila melanogaster
CG7771	sim	FBgn0004666	Drosophila melanogaster
CG7786	CG7786	FBgn0034096	Drosophila melanogaster
CG7807	TfAP-2	FBgn0261953	Drosophila melanogaster
CG7895	tin	FBgn0004110	Drosophila melanogaster
CG7902	bap	FBgn0004862	Drosophila melanogaster
CG7927	Nulp1	FBgn0027549	Drosophila melanogaster
CG7937	C15	FBgn0004863	Drosophila melanogaster
CG7938	Sry-beta	FBgn0003511	Drosophila melanogaster
CG7952	gt	FBgn0001150	Drosophila melanogaster
CG7963	CG7963	FBgn0037584	Drosophila melanogaster
CG7987	CG7987	FBgn0038244	Drosophila melanogaster
CG8127	Eip75B	FBgn0000568	Drosophila melanogaster
CG8145	nom	FBgn0037617	Drosophila melanogaster
CG8159	CG8159	FBgn0037619	Drosophila melanogaster
CG8246	Poxn	FBgn0003130	Drosophila melanogaster
CG8301	CG8301	FBgn0037717	Drosophila melanogaster
CG8319	CG8319	FBgn0037722	Drosophila melanogaster
CG8328	E(spl)mdelta-HLH	FBgn0002734	Drosophila melanogaster
CG8333	E(spl)mgamma-HLH	FBgn0002735	Drosophila melanogaster
CG8346	E(spl)m3-HLH	FBgn0002609	Drosophila melanogaster
CG8361	E(spl)m7-HLH	FBgn0002633	Drosophila melanogaster
CG8365	E(spl)m8-HLH	FBgn0000591	Drosophila melanogaster
CG8367	cg	FBgn0000289	Drosophila melanogaster
CG8376	ap	FBgn0267978	Drosophila melanogaster
CG8388	CG8388	FBgn0034062	Drosophila melanogaster
CG8404	Sox15	FBgn0005613	Drosophila melanogaster
CG8474	Meics	FBgn0025874	Drosophila melanogaster
CG8478	CG8478	FBgn0037746	Drosophila melanogaster
CG8484	topi	FBgn0037751	Drosophila melanogaster
CG8522	SREBP	FBgn0261283	Drosophila melanogaster
CG8524	NK7.1	FBgn0024321	Drosophila melanogaster
CG8544	sd	FBgn0003345	Drosophila melanogaster
CG8567	Deaf1	FBgn0013799	Drosophila melanogaster
CG8573	su(Hw)	FBgn0003567	Drosophila melanogaster
CG8580	akirin	FBgn0082598	Drosophila melanogaster
CG8591	CTCF	FBgn0035769	Drosophila melanogaster
CG8643	rgr	FBgn0267792	Drosophila melanogaster
CG8651	trx	FBgn0003862	Drosophila melanogaster
CG8667	dimm	FBgn0023091	Drosophila melanogaster
CG8669	crc	FBgn0000370	Drosophila melanogaster
CG8676	Hr39	FBgn0261239	Drosophila melanogaster
CG8704	dpn	FBgn0010109	Drosophila melanogaster
CG8727	cyc	FBgn0023094	Drosophila melanogaster
CG8819	achi	FBgn0033749	Drosophila melanogaster
CG8821	vis	FBgn0033748	Drosophila melanogaster
CG8933	exd	FBgn0000611	Drosophila melanogaster
CG8944	CG8944	FBgn0030680	Drosophila melanogaster
CG9015	en	FBgn0000577	Drosophila melanogaster
CG9019	dsf	FBgn0015381	Drosophila melanogaster
CG9045	Myb	FBgn0002914	Drosophila melanogaster
CG9097	bab1	FBgn0004870	Drosophila melanogaster
CG9102	bab2	FBgn0025525	Drosophila melanogaster
CG9151	acj6	FBgn0000028	Drosophila melanogaster
CG9215	CG9215	FBgn0030659	Drosophila melanogaster
CG9233	prg	FBgn0285971	Drosophila melanogaster
CG9310	Hnf4	FBgn0004914	Drosophila melanogaster
CG9415	Xbp1	FBgn0021872	Drosophila melanogaster
CG9571	fd19B	FBgn0031086	Drosophila melanogaster
CG9609	CG9609	FBgn0030787	Drosophila melanogaster
CG9610	Poxm	FBgn0003129	Drosophila melanogaster
CG9648	Max	FBgn0017578	Drosophila melanogaster
CG9650	CG9650	FBgn0029939	Drosophila melanogaster
CG9653	brk	FBgn0024250	Drosophila melanogaster
CG9656	grn	FBgn0001138	Drosophila melanogaster
CG9768	hkb	FBgn0261434	Drosophila melanogaster
CG9786	hb	FBgn0001180	Drosophila melanogaster
CG9793	ranshi	FBgn0037620	Drosophila melanogaster
CG9797	M1BP	FBgn0037621	Drosophila melanogaster
CG9876	CG9876	FBgn0034821	Drosophila melanogaster
CG9930	E5	FBgn0008646	Drosophila melanogaster
CG9954	maf-S	FBgn0034534	Drosophila melanogaster
